<?xml version="1.0" encoding="UTF-8"?>

<!DOCTYPE struts PUBLIC
        "-//Apache Software Foundation//DTD Struts Configuration 2.3//EN"
        "http://struts.apache.org/dtds/struts-2.3.dtd">

<struts>
    <package name="api" namespace="/api" extends="json-default">
        <result-types>
            <result-type name="json" class="org.apache.struts2.json.JSONResult"></result-type>
        </result-types>
        <interceptors>
            <interceptor name="json" class="org.apache.struts2.json.JSONInterceptor"></interceptor>
            <interceptor-stack name="jsonStack">
                <interceptor-ref name="json" />
            </interceptor-stack>
        </interceptors>
        <default-interceptor-ref name="jsonStack"></default-interceptor-ref>
        <default-action-ref name="index.jsp"></default-action-ref>
        <action name="login" method="execute" class="actions.Auth.LoginAction">
            <result name="success" type="json"></result>
        </action>
        <action name="register" method="execute" class="actions.Auth.RegisterAction">
            <result name="success" type="json"></result>
        </action>
        <action name="getBalance" method="execute" class="actions.Auth.GetBalanceAction">
            <result name="success"  type="json"></result>
        </action>
        <action name="createProject" method="execute" class="actions.Project.CreateProjectAction">
            <result name="success" type="json"></result>
        </action>
        <action name="cancelProject" method="execute" class="actions.Project.CancelProjectAction">
            <result name="success" type="json"></result>
        </action>
        <action name="financeProject" method="execute" class="actions.Project.FinanceProjectAction">
            <result name="success" type="json"></result>
        </action>
        <action name="getCurrentProjects" method="execute" class="actions.Project.GetCurrentProjectsAction">
            <result name="success" type="json"></result>
        </action>
        <action name="getOlderProjects" method="execute" class="actions.Project.GetOlderProjectsAction">
            <result name="success" type="json"></result>
        </action>
        <action name="getAdminProjects" method="execute" class="actions.Project.GetAdminProjectsAction">
            <result name="success" type="json"></result>
        </action>
        <action name="createExtra" method="execute" class="actions.Extra.CreateExtraAction">
            <result name="success" type="json"></result>
        </action>
        <action name="deleteExtra" method="execute" class="actions.Extra.DeleteExtraAction">
            <result name="success" type="json"></result>
        </action>
        <action name="getProject" method="execute" class="actions.Project.GetProjectAction">
            <result name="success" type="json"></result>
        </action>
        <action name="getProjectExtras" method="execute" class="actions.Extra.GetProjectExtrasAction">
            <result name="success" type="json"></result>
        </action>
        <action name="getProjectPaths" method="execute" class="actions.Path.GetProjectPathsAction">
            <result name="success" type="json"></result>
        </action>
        <action name="addAdmin" method="execute" class="actions.Admin.CreateAdminAction">
            <result name="success" type="json"></result>
        </action>
        <action name="removeAdmin" method="execute" class="actions.Admin.RemoveAdminAction">
            <result name="success" type="json"></result>
        </action>
        <action name="getAdmins" method="execute" class="actions.Admin.GetAdminsAction">
            <result name="success" type="json"></result>
        </action>
        <action name="createReward" method="execute" class="actions.Reward.CreateRewardAction">
            <result name="success" type="json"></result>
        </action>
        <action name="getProjectRewards" method="execute" class="actions.Reward.GetProjRewardAction">
            <result name="success" type="json"></result>
        </action>
        <action name="getUserRewards" method="execute" class="actions.Reward.GetUserRewardAction">
            <result name="success" type="json"></result>
        </action>
        <action name="giveReward" method="execute" class="actions.Reward.GiveRewardAction">
            <result name="success" type="json"></result>
        </action>
        <action name="removeReward" method="execute" class="actions.Reward.RemoveRewardAction">
            <result name="success" type="json"></result>
        </action>
        <action name="answerMessage" method="execute" class="actions.Message.AnswerMessageAction">
            <result name="success" type="json"></result>
        </action>
        <action name="getProjectMessages" method="execute" class="actions.Message.GetProjMessageAction">
            <result name="success" type="json"></result>
        </action>
        <action name="sendMessage" method="execute" class="actions.Message.SendMessageAction">
            <result name="success" type="json"></result>
        </action>
        <action name="getUsers" method="execute" class="actions.Auth.GetUsersAction">
            <result name="success" type="json"></result>
        </action>
        <action name="signInTumblr" method="execute" class="actions.Auth.SignInWithTumblrAction">
            <result name="success" type="json"></result>
        </action>
        <action name="getProjectValue" method="execute" class="actions.Project.GetProjectValueAction">
            <result name="success" type="json"></result>
        </action>

    </package>
    <package name="tumblr" namespace="/tumblr" extends="struts-default">
        <action name="callback" method="execute" class="actions.CallbackAction">
            <result name="success">/index.jsp</result>
        </action>
    </package>

    <constant name="struts.action.excludePattern" value="/endpoint/.*"></constant>
</struts>